"","Financial.Year","Geocode","Force.Name","Region","Sex","Ethnic.Group..self.defined.","Age.group","Reason.for.arrest..offence.group.","Arrests"
"1721","2019/20","E23000036","Avon and Somerset","South West","Female","White","10 - 17 years","2015/16 onwards - Sexual offences"," 1 "
"1722","2019/20","E23000036","Avon and Somerset","South West","Female","White","18 - 20 years","2015/16 onwards - Sexual offences"," 1 "
"1723","2019/20","E23000036","Avon and Somerset","South West","Female","White","21 years and over","2015/16 onwards - Sexual offences"," 8 "
"1724","2019/20","E23000036","Avon and Somerset","South West","Female","White","Under 10 years","2015/16 onwards - Sexual offences"," - "
"1725","2019/20","E23000036","Avon and Somerset","South West","Female","White","Unknown","2015/16 onwards - Sexual offences"," - "
"1726","2019/20","E23000036","Avon and Somerset","South West","Male","White","10 - 17 years","2015/16 onwards - Sexual offences"," 25 "
"1727","2019/20","E23000036","Avon and Somerset","South West","Male","White","18 - 20 years","2015/16 onwards - Sexual offences"," 42 "
"1728","2019/20","E23000036","Avon and Somerset","South West","Male","White","21 years and over","2015/16 onwards - Sexual offences"," 393 "
"1729","2019/20","E23000036","Avon and Somerset","South West","Male","White","Under 10 years","2015/16 onwards - Sexual offences"," - "
"1730","2019/20","E23000036","Avon and Somerset","South West","Male","White","Unknown","2015/16 onwards - Sexual offences"," - "
"1731","2019/20","E23000026","Bedfordshire","Eastern","Female","White","10 - 17 years","2015/16 onwards - Sexual offences"," - "
"1732","2019/20","E23000026","Bedfordshire","Eastern","Female","White","18 - 20 years","2015/16 onwards - Sexual offences"," - "
"1733","2019/20","E23000026","Bedfordshire","Eastern","Female","White","21 years and over","2015/16 onwards - Sexual offences"," 2 "
"1734","2019/20","E23000026","Bedfordshire","Eastern","Female","White","Under 10 years","2015/16 onwards - Sexual offences"," - "
"1735","2019/20","E23000026","Bedfordshire","Eastern","Female","White","Unknown","2015/16 onwards - Sexual offences"," - "
"1736","2019/20","E23000026","Bedfordshire","Eastern","Male","White","10 - 17 years","2015/16 onwards - Sexual offences"," 12 "
"1737","2019/20","E23000026","Bedfordshire","Eastern","Male","White","18 - 20 years","2015/16 onwards - Sexual offences"," 10 "
"1738","2019/20","E23000026","Bedfordshire","Eastern","Male","White","21 years and over","2015/16 onwards - Sexual offences"," 139 "
"1739","2019/20","E23000026","Bedfordshire","Eastern","Male","White","Under 10 years","2015/16 onwards - Sexual offences"," - "
"1740","2019/20","E23000026","Bedfordshire","Eastern","Male","White","Unknown","2015/16 onwards - Sexual offences"," - "
"1741","2019/20","E23000023","Cambridgeshire","Eastern","Female","White","10 - 17 years","2015/16 onwards - Sexual offences"," - "
"1742","2019/20","E23000023","Cambridgeshire","Eastern","Female","White","18 - 20 years","2015/16 onwards - Sexual offences"," 1 "
"1743","2019/20","E23000023","Cambridgeshire","Eastern","Female","White","21 years and over","2015/16 onwards - Sexual offences"," 6 "
"1744","2019/20","E23000023","Cambridgeshire","Eastern","Female","White","Under 10 years","2015/16 onwards - Sexual offences"," - "
"1745","2019/20","E23000023","Cambridgeshire","Eastern","Female","White","Unknown","2015/16 onwards - Sexual offences"," - "
"1746","2019/20","E23000023","Cambridgeshire","Eastern","Male","White","10 - 17 years","2015/16 onwards - Sexual offences"," 16 "
"1747","2019/20","E23000023","Cambridgeshire","Eastern","Male","White","18 - 20 years","2015/16 onwards - Sexual offences"," 27 "
"1748","2019/20","E23000023","Cambridgeshire","Eastern","Male","White","21 years and over","2015/16 onwards - Sexual offences"," 207 "
"1749","2019/20","E23000023","Cambridgeshire","Eastern","Male","White","Under 10 years","2015/16 onwards - Sexual offences"," - "
"1750","2019/20","E23000023","Cambridgeshire","Eastern","Male","White","Unknown","2015/16 onwards - Sexual offences"," - "
"1751","2019/20","E23000006","Cheshire","North West","Female","White","10 - 17 years","2015/16 onwards - Sexual offences"," - "
"1752","2019/20","E23000006","Cheshire","North West","Female","White","18 - 20 years","2015/16 onwards - Sexual offences"," - "
"1753","2019/20","E23000006","Cheshire","North West","Female","White","21 years and over","2015/16 onwards - Sexual offences"," 2 "
"1754","2019/20","E23000006","Cheshire","North West","Female","White","Under 10 years","2015/16 onwards - Sexual offences"," - "
"1755","2019/20","E23000006","Cheshire","North West","Female","White","Unknown","2015/16 onwards - Sexual offences"," - "
"1756","2019/20","E23000006","Cheshire","North West","Male","White","10 - 17 years","2015/16 onwards - Sexual offences"," 22 "
"1757","2019/20","E23000006","Cheshire","North West","Male","White","18 - 20 years","2015/16 onwards - Sexual offences"," 26 "
"1758","2019/20","E23000006","Cheshire","North West","Male","White","21 years and over","2015/16 onwards - Sexual offences"," 260 "
"1759","2019/20","E23000006","Cheshire","North West","Male","White","Under 10 years","2015/16 onwards - Sexual offences"," - "
"1760","2019/20","E23000006","Cheshire","North West","Male","White","Unknown","2015/16 onwards - Sexual offences"," - "
"1761","2019/20","E23000013","Cleveland","North East","Female","White","10 - 17 years","2015/16 onwards - Sexual offences"," - "
"1762","2019/20","E23000013","Cleveland","North East","Female","White","18 - 20 years","2015/16 onwards - Sexual offences"," 1 "
"1763","2019/20","E23000013","Cleveland","North East","Female","White","21 years and over","2015/16 onwards - Sexual offences"," 7 "
"1764","2019/20","E23000013","Cleveland","North East","Female","White","Under 10 years","2015/16 onwards - Sexual offences"," - "
"1765","2019/20","E23000013","Cleveland","North East","Female","White","Unknown","2015/16 onwards - Sexual offences"," - "
"1766","2019/20","E23000013","Cleveland","North East","Male","White","10 - 17 years","2015/16 onwards - Sexual offences"," 18 "
"1767","2019/20","E23000013","Cleveland","North East","Male","White","18 - 20 years","2015/16 onwards - Sexual offences"," 30 "
"1768","2019/20","E23000013","Cleveland","North East","Male","White","21 years and over","2015/16 onwards - Sexual offences"," 212 "
"1769","2019/20","E23000013","Cleveland","North East","Male","White","Under 10 years","2015/16 onwards - Sexual offences"," - "
"1770","2019/20","E23000013","Cleveland","North East","Male","White","Unknown","2015/16 onwards - Sexual offences"," - "
"1771","2019/20","E23000002","Cumbria","North West","Female","White","10 - 17 years","2015/16 onwards - Sexual offences"," - "
"1772","2019/20","E23000002","Cumbria","North West","Female","White","18 - 20 years","2015/16 onwards - Sexual offences"," 1 "
"1773","2019/20","E23000002","Cumbria","North West","Female","White","21 years and over","2015/16 onwards - Sexual offences"," 7 "
"1774","2019/20","E23000002","Cumbria","North West","Female","White","Under 10 years","2015/16 onwards - Sexual offences"," - "
"1775","2019/20","E23000002","Cumbria","North West","Female","White","Unknown","2015/16 onwards - Sexual offences"," - "
"1776","2019/20","E23000002","Cumbria","North West","Male","White","10 - 17 years","2015/16 onwards - Sexual offences"," 34 "
"1777","2019/20","E23000002","Cumbria","North West","Male","White","18 - 20 years","2015/16 onwards - Sexual offences"," 28 "
"1778","2019/20","E23000002","Cumbria","North West","Male","White","21 years and over","2015/16 onwards - Sexual offences"," 247 "
"1779","2019/20","E23000002","Cumbria","North West","Male","White","Under 10 years","2015/16 onwards - Sexual offences"," - "
"1780","2019/20","E23000002","Cumbria","North West","Male","White","Unknown","2015/16 onwards - Sexual offences"," - "
"1781","2019/20","E23000018","Derbyshire","East Midlands","Female","White","10 - 17 years","2015/16 onwards - Sexual offences"," - "
"1782","2019/20","E23000018","Derbyshire","East Midlands","Female","White","18 - 20 years","2015/16 onwards - Sexual offences"," 1 "
"1783","2019/20","E23000018","Derbyshire","East Midlands","Female","White","21 years and over","2015/16 onwards - Sexual offences"," 5 "
"1784","2019/20","E23000018","Derbyshire","East Midlands","Female","White","Under 10 years","2015/16 onwards - Sexual offences"," - "
"1785","2019/20","E23000018","Derbyshire","East Midlands","Female","White","Unknown","2015/16 onwards - Sexual offences"," - "
"1786","2019/20","E23000018","Derbyshire","East Midlands","Male","White","10 - 17 years","2015/16 onwards - Sexual offences"," 26 "
"1787","2019/20","E23000018","Derbyshire","East Midlands","Male","White","18 - 20 years","2015/16 onwards - Sexual offences"," 33 "
"1788","2019/20","E23000018","Derbyshire","East Midlands","Male","White","21 years and over","2015/16 onwards - Sexual offences"," 333 "
"1789","2019/20","E23000018","Derbyshire","East Midlands","Male","White","Under 10 years","2015/16 onwards - Sexual offences"," - "
"1790","2019/20","E23000018","Derbyshire","East Midlands","Male","White","Unknown","2015/16 onwards - Sexual offences"," - "
"1791","2019/20","E23000035","Devon and Cornwall","South West","Female","White","10 - 17 years","2015/16 onwards - Sexual offences"," - "
"1792","2019/20","E23000035","Devon and Cornwall","South West","Female","White","18 - 20 years","2015/16 onwards - Sexual offences"," 1 "
"1793","2019/20","E23000035","Devon and Cornwall","South West","Female","White","21 years and over","2015/16 onwards - Sexual offences"," 12 "
"1794","2019/20","E23000035","Devon and Cornwall","South West","Female","White","Under 10 years","2015/16 onwards - Sexual offences"," - "
"1795","2019/20","E23000035","Devon and Cornwall","South West","Female","White","Unknown","2015/16 onwards - Sexual offences"," - "
"1796","2019/20","E23000035","Devon and Cornwall","South West","Male","White","10 - 17 years","2015/16 onwards - Sexual offences"," 37 "
"1797","2019/20","E23000035","Devon and Cornwall","South West","Male","White","18 - 20 years","2015/16 onwards - Sexual offences"," 46 "
"1798","2019/20","E23000035","Devon and Cornwall","South West","Male","White","21 years and over","2015/16 onwards - Sexual offences"," 410 "
"1799","2019/20","E23000035","Devon and Cornwall","South West","Male","White","Under 10 years","2015/16 onwards - Sexual offences"," - "
"1800","2019/20","E23000035","Devon and Cornwall","South West","Male","White","Unknown","2015/16 onwards - Sexual offences"," - "
"1801","2019/20","E23000039","Dorset","South West","Female","White","10 - 17 years","2015/16 onwards - Sexual offences"," - "
"1802","2019/20","E23000039","Dorset","South West","Female","White","18 - 20 years","2015/16 onwards - Sexual offences"," - "
"1803","2019/20","E23000039","Dorset","South West","Female","White","21 years and over","2015/16 onwards - Sexual offences"," 5 "
"1804","2019/20","E23000039","Dorset","South West","Female","White","Under 10 years","2015/16 onwards - Sexual offences"," - "
"1805","2019/20","E23000039","Dorset","South West","Female","White","Unknown","2015/16 onwards - Sexual offences"," - "
"1806","2019/20","E23000039","Dorset","South West","Male","White","10 - 17 years","2015/16 onwards - Sexual offences"," 12 "
"1807","2019/20","E23000039","Dorset","South West","Male","White","18 - 20 years","2015/16 onwards - Sexual offences"," 33 "
"1808","2019/20","E23000039","Dorset","South West","Male","White","21 years and over","2015/16 onwards - Sexual offences"," 219 "
"1809","2019/20","E23000039","Dorset","South West","Male","White","Under 10 years","2015/16 onwards - Sexual offences"," - "
"1810","2019/20","E23000039","Dorset","South West","Male","White","Unknown","2015/16 onwards - Sexual offences"," - "
"1811","2019/20","E23000008","Durham","North East","Female","White","10 - 17 years","2015/16 onwards - Sexual offences"," - "
"1812","2019/20","E23000008","Durham","North East","Female","White","18 - 20 years","2015/16 onwards - Sexual offences"," 1 "
"1813","2019/20","E23000008","Durham","North East","Female","White","21 years and over","2015/16 onwards - Sexual offences"," 3 "
"1814","2019/20","E23000008","Durham","North East","Female","White","Under 10 years","2015/16 onwards - Sexual offences"," - "
"1815","2019/20","E23000008","Durham","North East","Female","White","Unknown","2015/16 onwards - Sexual offences"," - "
"1816","2019/20","E23000008","Durham","North East","Male","White","10 - 17 years","2015/16 onwards - Sexual offences"," 30 "
"1817","2019/20","E23000008","Durham","North East","Male","White","18 - 20 years","2015/16 onwards - Sexual offences"," 32 "
"1818","2019/20","E23000008","Durham","North East","Male","White","21 years and over","2015/16 onwards - Sexual offences"," 306 "
"1819","2019/20","E23000008","Durham","North East","Male","White","Under 10 years","2015/16 onwards - Sexual offences"," - "
"1820","2019/20","E23000008","Durham","North East","Male","White","Unknown","2015/16 onwards - Sexual offences"," - "
"1821","2019/20","W15000004","Dyfed-Powys","Wales","Female","White","10 - 17 years","2015/16 onwards - Sexual offences"," - "
"1822","2019/20","W15000004","Dyfed-Powys","Wales","Female","White","18 - 20 years","2015/16 onwards - Sexual offences"," 1 "
"1823","2019/20","W15000004","Dyfed-Powys","Wales","Female","White","21 years and over","2015/16 onwards - Sexual offences"," 12 "
"1824","2019/20","W15000004","Dyfed-Powys","Wales","Female","White","Under 10 years","2015/16 onwards - Sexual offences"," - "
"1825","2019/20","W15000004","Dyfed-Powys","Wales","Female","White","Unknown","2015/16 onwards - Sexual offences"," - "
"1826","2019/20","W15000004","Dyfed-Powys","Wales","Male","White","10 - 17 years","2015/16 onwards - Sexual offences"," 20 "
"1827","2019/20","W15000004","Dyfed-Powys","Wales","Male","White","18 - 20 years","2015/16 onwards - Sexual offences"," 23 "
"1828","2019/20","W15000004","Dyfed-Powys","Wales","Male","White","21 years and over","2015/16 onwards - Sexual offences"," 217 "
"1829","2019/20","W15000004","Dyfed-Powys","Wales","Male","White","Under 10 years","2015/16 onwards - Sexual offences"," - "
"1830","2019/20","W15000004","Dyfed-Powys","Wales","Male","White","Unknown","2015/16 onwards - Sexual offences"," - "
"1831","2019/20","E23000028","Essex","Eastern","Female","White","10 - 17 years","2015/16 onwards - Sexual offences"," - "
"1832","2019/20","E23000028","Essex","Eastern","Female","White","18 - 20 years","2015/16 onwards - Sexual offences"," - "
"1833","2019/20","E23000028","Essex","Eastern","Female","White","21 years and over","2015/16 onwards - Sexual offences"," 8 "
"1834","2019/20","E23000028","Essex","Eastern","Female","White","Under 10 years","2015/16 onwards - Sexual offences"," - "
"1835","2019/20","E23000028","Essex","Eastern","Female","White","Unknown","2015/16 onwards - Sexual offences"," - "
"1836","2019/20","E23000028","Essex","Eastern","Male","White","10 - 17 years","2015/16 onwards - Sexual offences"," 47 "
"1837","2019/20","E23000028","Essex","Eastern","Male","White","18 - 20 years","2015/16 onwards - Sexual offences"," 44 "
"1838","2019/20","E23000028","Essex","Eastern","Male","White","21 years and over","2015/16 onwards - Sexual offences"," 448 "
"1839","2019/20","E23000028","Essex","Eastern","Male","White","Under 10 years","2015/16 onwards - Sexual offences"," - "
"1840","2019/20","E23000028","Essex","Eastern","Male","White","Unknown","2015/16 onwards - Sexual offences"," - "
"1841","2019/20","E23000037","Gloucestershire","South West","Female","White","10 - 17 years","2015/16 onwards - Sexual offences"," - "
"1842","2019/20","E23000037","Gloucestershire","South West","Female","White","18 - 20 years","2015/16 onwards - Sexual offences"," - "
"1843","2019/20","E23000037","Gloucestershire","South West","Female","White","21 years and over","2015/16 onwards - Sexual offences"," 3 "
"1844","2019/20","E23000037","Gloucestershire","South West","Female","White","Under 10 years","2015/16 onwards - Sexual offences"," - "
"1845","2019/20","E23000037","Gloucestershire","South West","Female","White","Unknown","2015/16 onwards - Sexual offences"," - "
"1846","2019/20","E23000037","Gloucestershire","South West","Male","White","10 - 17 years","2015/16 onwards - Sexual offences"," 22 "
"1847","2019/20","E23000037","Gloucestershire","South West","Male","White","18 - 20 years","2015/16 onwards - Sexual offences"," 20 "
"1848","2019/20","E23000037","Gloucestershire","South West","Male","White","21 years and over","2015/16 onwards - Sexual offences"," 176 "
"1849","2019/20","E23000037","Gloucestershire","South West","Male","White","Under 10 years","2015/16 onwards - Sexual offences"," - "
"1850","2019/20","E23000037","Gloucestershire","South West","Male","White","Unknown","2015/16 onwards - Sexual offences"," - "
"1851","2019/20","E23000005","Greater Manchester","North West","Female","White","10 - 17 years","2015/16 onwards - Sexual offences"," - "
"1852","2019/20","E23000005","Greater Manchester","North West","Female","White","18 - 20 years","2015/16 onwards - Sexual offences"," - "
"1853","2019/20","E23000005","Greater Manchester","North West","Female","White","21 years and over","2015/16 onwards - Sexual offences"," - "
"1854","2019/20","E23000005","Greater Manchester","North West","Female","White","Under 10 years","2015/16 onwards - Sexual offences"," - "
"1855","2019/20","E23000005","Greater Manchester","North West","Female","White","Unknown","2015/16 onwards - Sexual offences"," - "
"1856","2019/20","E23000005","Greater Manchester","North West","Male","White","10 - 17 years","2015/16 onwards - Sexual offences"," - "
"1857","2019/20","E23000005","Greater Manchester","North West","Male","White","18 - 20 years","2015/16 onwards - Sexual offences"," - "
"1858","2019/20","E23000005","Greater Manchester","North West","Male","White","21 years and over","2015/16 onwards - Sexual offences"," - "
"1859","2019/20","E23000005","Greater Manchester","North West","Male","White","Under 10 years","2015/16 onwards - Sexual offences"," - "
"1860","2019/20","E23000005","Greater Manchester","North West","Male","White","Unknown","2015/16 onwards - Sexual offences"," - "
"1861","2019/20","W15000002","Gwent","Wales","Female","White","10 - 17 years","2015/16 onwards - Sexual offences"," 2 "
"1862","2019/20","W15000002","Gwent","Wales","Female","White","18 - 20 years","2015/16 onwards - Sexual offences"," 1 "
"1863","2019/20","W15000002","Gwent","Wales","Female","White","21 years and over","2015/16 onwards - Sexual offences"," 8 "
"1864","2019/20","W15000002","Gwent","Wales","Female","White","Under 10 years","2015/16 onwards - Sexual offences"," - "
"1865","2019/20","W15000002","Gwent","Wales","Female","White","Unknown","2015/16 onwards - Sexual offences"," - "
"1866","2019/20","W15000002","Gwent","Wales","Male","White","10 - 17 years","2015/16 onwards - Sexual offences"," 17 "
"1867","2019/20","W15000002","Gwent","Wales","Male","White","18 - 20 years","2015/16 onwards - Sexual offences"," 27 "
"1868","2019/20","W15000002","Gwent","Wales","Male","White","21 years and over","2015/16 onwards - Sexual offences"," 180 "
"1869","2019/20","W15000002","Gwent","Wales","Male","White","Under 10 years","2015/16 onwards - Sexual offences"," - "
"1870","2019/20","W15000002","Gwent","Wales","Male","White","Unknown","2015/16 onwards - Sexual offences"," - "
"1871","2019/20","E23000030","Hampshire","South East","Female","White","10 - 17 years","2015/16 onwards - Sexual offences"," - "
"1872","2019/20","E23000030","Hampshire","South East","Female","White","18 - 20 years","2015/16 onwards - Sexual offences"," 2 "
"1873","2019/20","E23000030","Hampshire","South East","Female","White","21 years and over","2015/16 onwards - Sexual offences"," 13 "
"1874","2019/20","E23000030","Hampshire","South East","Female","White","Under 10 years","2015/16 onwards - Sexual offences"," - "
"1875","2019/20","E23000030","Hampshire","South East","Female","White","Unknown","2015/16 onwards - Sexual offences"," - "
"1876","2019/20","E23000030","Hampshire","South East","Male","White","10 - 17 years","2015/16 onwards - Sexual offences"," 55 "
"1877","2019/20","E23000030","Hampshire","South East","Male","White","18 - 20 years","2015/16 onwards - Sexual offences"," 74 "
"1878","2019/20","E23000030","Hampshire","South East","Male","White","21 years and over","2015/16 onwards - Sexual offences"," 700 "
"1879","2019/20","E23000030","Hampshire","South East","Male","White","Under 10 years","2015/16 onwards - Sexual offences"," - "
"1880","2019/20","E23000030","Hampshire","South East","Male","White","Unknown","2015/16 onwards - Sexual offences"," - "
"1881","2019/20","E23000027","Hertfordshire","Eastern","Female","White","10 - 17 years","2015/16 onwards - Sexual offences"," - "
"1882","2019/20","E23000027","Hertfordshire","Eastern","Female","White","18 - 20 years","2015/16 onwards - Sexual offences"," 1 "
"1883","2019/20","E23000027","Hertfordshire","Eastern","Female","White","21 years and over","2015/16 onwards - Sexual offences"," 7 "
"1884","2019/20","E23000027","Hertfordshire","Eastern","Female","White","Under 10 years","2015/16 onwards - Sexual offences"," - "
"1885","2019/20","E23000027","Hertfordshire","Eastern","Female","White","Unknown","2015/16 onwards - Sexual offences"," - "
"1886","2019/20","E23000027","Hertfordshire","Eastern","Male","White","10 - 17 years","2015/16 onwards - Sexual offences"," 11 "
"1887","2019/20","E23000027","Hertfordshire","Eastern","Male","White","18 - 20 years","2015/16 onwards - Sexual offences"," 19 "
"1888","2019/20","E23000027","Hertfordshire","Eastern","Male","White","21 years and over","2015/16 onwards - Sexual offences"," 160 "
"1889","2019/20","E23000027","Hertfordshire","Eastern","Male","White","Under 10 years","2015/16 onwards - Sexual offences"," - "
"1890","2019/20","E23000027","Hertfordshire","Eastern","Male","White","Unknown","2015/16 onwards - Sexual offences"," - "
"1891","2019/20","E23000012","Humberside","Yorkshire and the Humber","Female","White","10 - 17 years","2015/16 onwards - Sexual offences"," 2 "
"1892","2019/20","E23000012","Humberside","Yorkshire and the Humber","Female","White","18 - 20 years","2015/16 onwards - Sexual offences"," 1 "
"1893","2019/20","E23000012","Humberside","Yorkshire and the Humber","Female","White","21 years and over","2015/16 onwards - Sexual offences"," 12 "
"1894","2019/20","E23000012","Humberside","Yorkshire and the Humber","Female","White","Under 10 years","2015/16 onwards - Sexual offences"," - "
"1895","2019/20","E23000012","Humberside","Yorkshire and the Humber","Female","White","Unknown","2015/16 onwards - Sexual offences"," - "
"1896","2019/20","E23000012","Humberside","Yorkshire and the Humber","Male","White","10 - 17 years","2015/16 onwards - Sexual offences"," 33 "
"1897","2019/20","E23000012","Humberside","Yorkshire and the Humber","Male","White","18 - 20 years","2015/16 onwards - Sexual offences"," 46 "
"1898","2019/20","E23000012","Humberside","Yorkshire and the Humber","Male","White","21 years and over","2015/16 onwards - Sexual offences"," 415 "
"1899","2019/20","E23000012","Humberside","Yorkshire and the Humber","Male","White","Under 10 years","2015/16 onwards - Sexual offences"," - "
"1900","2019/20","E23000012","Humberside","Yorkshire and the Humber","Male","White","Unknown","2015/16 onwards - Sexual offences"," - "
"1901","2019/20","E23000032","Kent","South East","Female","White","10 - 17 years","2015/16 onwards - Sexual offences"," 1 "
"1902","2019/20","E23000032","Kent","South East","Female","White","18 - 20 years","2015/16 onwards - Sexual offences"," - "
"1903","2019/20","E23000032","Kent","South East","Female","White","21 years and over","2015/16 onwards - Sexual offences"," 5 "
"1904","2019/20","E23000032","Kent","South East","Female","White","Under 10 years","2015/16 onwards - Sexual offences"," - "
"1905","2019/20","E23000032","Kent","South East","Female","White","Unknown","2015/16 onwards - Sexual offences"," - "
"1906","2019/20","E23000032","Kent","South East","Male","White","10 - 17 years","2015/16 onwards - Sexual offences"," 30 "
"1907","2019/20","E23000032","Kent","South East","Male","White","18 - 20 years","2015/16 onwards - Sexual offences"," 36 "
"1908","2019/20","E23000032","Kent","South East","Male","White","21 years and over","2015/16 onwards - Sexual offences"," 242 "
"1909","2019/20","E23000032","Kent","South East","Male","White","Under 10 years","2015/16 onwards - Sexual offences"," - "
"1910","2019/20","E23000032","Kent","South East","Male","White","Unknown","2015/16 onwards - Sexual offences"," - "
"1911","2019/20","E23000003","Lancashire","North West","Female","White","10 - 17 years","2015/16 onwards - Sexual offences"," - "
"1912","2019/20","E23000003","Lancashire","North West","Female","White","18 - 20 years","2015/16 onwards - Sexual offences"," 1 "
"1913","2019/20","E23000003","Lancashire","North West","Female","White","21 years and over","2015/16 onwards - Sexual offences"," 5 "
"1914","2019/20","E23000003","Lancashire","North West","Female","White","Under 10 years","2015/16 onwards - Sexual offences"," - "
"1915","2019/20","E23000003","Lancashire","North West","Female","White","Unknown","2015/16 onwards - Sexual offences"," - "
"1916","2019/20","E23000003","Lancashire","North West","Male","White","10 - 17 years","2015/16 onwards - Sexual offences"," 31 "
"1917","2019/20","E23000003","Lancashire","North West","Male","White","18 - 20 years","2015/16 onwards - Sexual offences"," 23 "
"1918","2019/20","E23000003","Lancashire","North West","Male","White","21 years and over","2015/16 onwards - Sexual offences"," 170 "
"1919","2019/20","E23000003","Lancashire","North West","Male","White","Under 10 years","2015/16 onwards - Sexual offences"," - "
"1920","2019/20","E23000003","Lancashire","North West","Male","White","Unknown","2015/16 onwards - Sexual offences"," - "
"1921","2019/20","E23000021","Leicestershire","East Midlands","Female","White","10 - 17 years","2015/16 onwards - Sexual offences"," 2 "
"1922","2019/20","E23000021","Leicestershire","East Midlands","Female","White","18 - 20 years","2015/16 onwards - Sexual offences"," 1 "
"1923","2019/20","E23000021","Leicestershire","East Midlands","Female","White","21 years and over","2015/16 onwards - Sexual offences"," 12 "
"1924","2019/20","E23000021","Leicestershire","East Midlands","Female","White","Under 10 years","2015/16 onwards - Sexual offences"," - "
"1925","2019/20","E23000021","Leicestershire","East Midlands","Female","White","Unknown","2015/16 onwards - Sexual offences"," - "
"1926","2019/20","E23000021","Leicestershire","East Midlands","Male","White","10 - 17 years","2015/16 onwards - Sexual offences"," 24 "
"1927","2019/20","E23000021","Leicestershire","East Midlands","Male","White","18 - 20 years","2015/16 onwards - Sexual offences"," 31 "
"1928","2019/20","E23000021","Leicestershire","East Midlands","Male","White","21 years and over","2015/16 onwards - Sexual offences"," 267 "
"1929","2019/20","E23000021","Leicestershire","East Midlands","Male","White","Under 10 years","2015/16 onwards - Sexual offences"," - "
"1930","2019/20","E23000021","Leicestershire","East Midlands","Male","White","Unknown","2015/16 onwards - Sexual offences"," - "
"1931","2019/20","E23000020","Lincolnshire","East Midlands","Female","White","10 - 17 years","2015/16 onwards - Sexual offences"," 3 "
"1932","2019/20","E23000020","Lincolnshire","East Midlands","Female","White","18 - 20 years","2015/16 onwards - Sexual offences"," 2 "
"1933","2019/20","E23000020","Lincolnshire","East Midlands","Female","White","21 years and over","2015/16 onwards - Sexual offences"," 6 "
"1934","2019/20","E23000020","Lincolnshire","East Midlands","Female","White","Under 10 years","2015/16 onwards - Sexual offences"," - "
"1935","2019/20","E23000020","Lincolnshire","East Midlands","Female","White","Unknown","2015/16 onwards - Sexual offences"," - "
"1936","2019/20","E23000020","Lincolnshire","East Midlands","Male","White","10 - 17 years","2015/16 onwards - Sexual offences"," 31 "
"1937","2019/20","E23000020","Lincolnshire","East Midlands","Male","White","18 - 20 years","2015/16 onwards - Sexual offences"," 28 "
"1938","2019/20","E23000020","Lincolnshire","East Midlands","Male","White","21 years and over","2015/16 onwards - Sexual offences"," 277 "
"1939","2019/20","E23000020","Lincolnshire","East Midlands","Male","White","Under 10 years","2015/16 onwards - Sexual offences"," - "
"1940","2019/20","E23000020","Lincolnshire","East Midlands","Male","White","Unknown","2015/16 onwards - Sexual offences"," - "
"1941","2019/20","E23000034","London, City of","London","Female","White","10 - 17 years","2015/16 onwards - Sexual offences"," - "
"1942","2019/20","E23000034","London, City of","London","Female","White","18 - 20 years","2015/16 onwards - Sexual offences"," - "
"1943","2019/20","E23000034","London, City of","London","Female","White","21 years and over","2015/16 onwards - Sexual offences"," - "
"1944","2019/20","E23000034","London, City of","London","Female","White","Under 10 years","2015/16 onwards - Sexual offences"," - "
"1945","2019/20","E23000034","London, City of","London","Female","White","Unknown","2015/16 onwards - Sexual offences"," - "
"1946","2019/20","E23000034","London, City of","London","Male","White","10 - 17 years","2015/16 onwards - Sexual offences"," - "
"1947","2019/20","E23000034","London, City of","London","Male","White","18 - 20 years","2015/16 onwards - Sexual offences"," - "
"1948","2019/20","E23000034","London, City of","London","Male","White","21 years and over","2015/16 onwards - Sexual offences"," 20 "
"1949","2019/20","E23000034","London, City of","London","Male","White","Under 10 years","2015/16 onwards - Sexual offences"," - "
"1950","2019/20","E23000034","London, City of","London","Male","White","Unknown","2015/16 onwards - Sexual offences"," - "
"1951","2019/20","E23000004","Merseyside","North West","Female","White","10 - 17 years","2015/16 onwards - Sexual offences"," - "
"1952","2019/20","E23000004","Merseyside","North West","Female","White","18 - 20 years","2015/16 onwards - Sexual offences"," - "
"1953","2019/20","E23000004","Merseyside","North West","Female","White","21 years and over","2015/16 onwards - Sexual offences"," 8 "
"1954","2019/20","E23000004","Merseyside","North West","Female","White","Under 10 years","2015/16 onwards - Sexual offences"," - "
"1955","2019/20","E23000004","Merseyside","North West","Female","White","Unknown","2015/16 onwards - Sexual offences"," - "
"1956","2019/20","E23000004","Merseyside","North West","Male","White","10 - 17 years","2015/16 onwards - Sexual offences"," 29 "
"1957","2019/20","E23000004","Merseyside","North West","Male","White","18 - 20 years","2015/16 onwards - Sexual offences"," 46 "
"1958","2019/20","E23000004","Merseyside","North West","Male","White","21 years and over","2015/16 onwards - Sexual offences"," 390 "
"1959","2019/20","E23000004","Merseyside","North West","Male","White","Under 10 years","2015/16 onwards - Sexual offences"," - "
"1960","2019/20","E23000004","Merseyside","North West","Male","White","Unknown","2015/16 onwards - Sexual offences"," - "
"1961","2019/20","E23000001","Metropolitan Police","London","Female","White","10 - 17 years","2015/16 onwards - Sexual offences"," 2 "
"1962","2019/20","E23000001","Metropolitan Police","London","Female","White","18 - 20 years","2015/16 onwards - Sexual offences"," 9 "
"1963","2019/20","E23000001","Metropolitan Police","London","Female","White","21 years and over","2015/16 onwards - Sexual offences"," 32 "
"1964","2019/20","E23000001","Metropolitan Police","London","Female","White","Under 10 years","2015/16 onwards - Sexual offences"," - "
"1965","2019/20","E23000001","Metropolitan Police","London","Female","White","Unknown","2015/16 onwards - Sexual offences"," - "
"1966","2019/20","E23000001","Metropolitan Police","London","Male","White","10 - 17 years","2015/16 onwards - Sexual offences"," 100 "
"1967","2019/20","E23000001","Metropolitan Police","London","Male","White","18 - 20 years","2015/16 onwards - Sexual offences"," 131 "
"1968","2019/20","E23000001","Metropolitan Police","London","Male","White","21 years and over","2015/16 onwards - Sexual offences"," 1,835 "
"1969","2019/20","E23000001","Metropolitan Police","London","Male","White","Under 10 years","2015/16 onwards - Sexual offences"," - "
"1970","2019/20","E23000001","Metropolitan Police","London","Male","White","Unknown","2015/16 onwards - Sexual offences"," - "
"1971","2019/20","E23000024","Norfolk","Eastern","Female","White","10 - 17 years","2015/16 onwards - Sexual offences"," - "
"1972","2019/20","E23000024","Norfolk","Eastern","Female","White","18 - 20 years","2015/16 onwards - Sexual offences"," 1 "
"1973","2019/20","E23000024","Norfolk","Eastern","Female","White","21 years and over","2015/16 onwards - Sexual offences"," 4 "
"1974","2019/20","E23000024","Norfolk","Eastern","Female","White","Under 10 years","2015/16 onwards - Sexual offences"," - "
"1975","2019/20","E23000024","Norfolk","Eastern","Female","White","Unknown","2015/16 onwards - Sexual offences"," - "
"1976","2019/20","E23000024","Norfolk","Eastern","Male","White","10 - 17 years","2015/16 onwards - Sexual offences"," 13 "
"1977","2019/20","E23000024","Norfolk","Eastern","Male","White","18 - 20 years","2015/16 onwards - Sexual offences"," 22 "
"1978","2019/20","E23000024","Norfolk","Eastern","Male","White","21 years and over","2015/16 onwards - Sexual offences"," 196 "
"1979","2019/20","E23000024","Norfolk","Eastern","Male","White","Under 10 years","2015/16 onwards - Sexual offences"," - "
"1980","2019/20","E23000024","Norfolk","Eastern","Male","White","Unknown","2015/16 onwards - Sexual offences"," - "
"1981","2019/20","W15000001","North Wales","Wales","Female","White","10 - 17 years","2015/16 onwards - Sexual offences"," 1 "
"1982","2019/20","W15000001","North Wales","Wales","Female","White","18 - 20 years","2015/16 onwards - Sexual offences"," - "
"1983","2019/20","W15000001","North Wales","Wales","Female","White","21 years and over","2015/16 onwards - Sexual offences"," 14 "
"1984","2019/20","W15000001","North Wales","Wales","Female","White","Under 10 years","2015/16 onwards - Sexual offences"," - "
"1985","2019/20","W15000001","North Wales","Wales","Female","White","Unknown","2015/16 onwards - Sexual offences"," - "
"1986","2019/20","W15000001","North Wales","Wales","Male","White","10 - 17 years","2015/16 onwards - Sexual offences"," 32 "
"1987","2019/20","W15000001","North Wales","Wales","Male","White","18 - 20 years","2015/16 onwards - Sexual offences"," 33 "
"1988","2019/20","W15000001","North Wales","Wales","Male","White","21 years and over","2015/16 onwards - Sexual offences"," 352 "
"1989","2019/20","W15000001","North Wales","Wales","Male","White","Under 10 years","2015/16 onwards - Sexual offences"," - "
"1990","2019/20","W15000001","North Wales","Wales","Male","White","Unknown","2015/16 onwards - Sexual offences"," - "
"1991","2019/20","E23000009","North Yorkshire","Yorkshire and the Humber","Female","White","10 - 17 years","2015/16 onwards - Sexual offences"," 2 "
"1992","2019/20","E23000009","North Yorkshire","Yorkshire and the Humber","Female","White","18 - 20 years","2015/16 onwards - Sexual offences"," 1 "
"1993","2019/20","E23000009","North Yorkshire","Yorkshire and the Humber","Female","White","21 years and over","2015/16 onwards - Sexual offences"," 9 "
"1994","2019/20","E23000009","North Yorkshire","Yorkshire and the Humber","Female","White","Under 10 years","2015/16 onwards - Sexual offences"," - "
"1995","2019/20","E23000009","North Yorkshire","Yorkshire and the Humber","Female","White","Unknown","2015/16 onwards - Sexual offences"," - "
"1996","2019/20","E23000009","North Yorkshire","Yorkshire and the Humber","Male","White","10 - 17 years","2015/16 onwards - Sexual offences"," 35 "
"1997","2019/20","E23000009","North Yorkshire","Yorkshire and the Humber","Male","White","18 - 20 years","2015/16 onwards - Sexual offences"," 45 "
"1998","2019/20","E23000009","North Yorkshire","Yorkshire and the Humber","Male","White","21 years and over","2015/16 onwards - Sexual offences"," 321 "
"1999","2019/20","E23000009","North Yorkshire","Yorkshire and the Humber","Male","White","Under 10 years","2015/16 onwards - Sexual offences"," - "
"2000","2019/20","E23000009","North Yorkshire","Yorkshire and the Humber","Male","White","Unknown","2015/16 onwards - Sexual offences"," - "
"2001","2019/20","E23000022","Northamptonshire","East Midlands","Female","White","10 - 17 years","2015/16 onwards - Sexual offences"," - "
"2002","2019/20","E23000022","Northamptonshire","East Midlands","Female","White","18 - 20 years","2015/16 onwards - Sexual offences"," 1 "
"2003","2019/20","E23000022","Northamptonshire","East Midlands","Female","White","21 years and over","2015/16 onwards - Sexual offences"," 7 "
"2004","2019/20","E23000022","Northamptonshire","East Midlands","Female","White","Under 10 years","2015/16 onwards - Sexual offences"," - "
"2005","2019/20","E23000022","Northamptonshire","East Midlands","Female","White","Unknown","2015/16 onwards - Sexual offences"," - "
"2006","2019/20","E23000022","Northamptonshire","East Midlands","Male","White","10 - 17 years","2015/16 onwards - Sexual offences"," 22 "
"2007","2019/20","E23000022","Northamptonshire","East Midlands","Male","White","18 - 20 years","2015/16 onwards - Sexual offences"," 37 "
"2008","2019/20","E23000022","Northamptonshire","East Midlands","Male","White","21 years and over","2015/16 onwards - Sexual offences"," 264 "
"2009","2019/20","E23000022","Northamptonshire","East Midlands","Male","White","Under 10 years","2015/16 onwards - Sexual offences"," - "
"2010","2019/20","E23000022","Northamptonshire","East Midlands","Male","White","Unknown","2015/16 onwards - Sexual offences"," - "
"2011","2019/20","E23000007","Northumbria","North East","Female","White","10 - 17 years","2015/16 onwards - Sexual offences"," - "
"2012","2019/20","E23000007","Northumbria","North East","Female","White","18 - 20 years","2015/16 onwards - Sexual offences"," - "
"2013","2019/20","E23000007","Northumbria","North East","Female","White","21 years and over","2015/16 onwards - Sexual offences"," 14 "
"2014","2019/20","E23000007","Northumbria","North East","Female","White","Under 10 years","2015/16 onwards - Sexual offences"," - "
"2015","2019/20","E23000007","Northumbria","North East","Female","White","Unknown","2015/16 onwards - Sexual offences"," - "
"2016","2019/20","E23000007","Northumbria","North East","Male","White","10 - 17 years","2015/16 onwards - Sexual offences"," 52 "
"2017","2019/20","E23000007","Northumbria","North East","Male","White","18 - 20 years","2015/16 onwards - Sexual offences"," 73 "
"2018","2019/20","E23000007","Northumbria","North East","Male","White","21 years and over","2015/16 onwards - Sexual offences"," 635 "
"2019","2019/20","E23000007","Northumbria","North East","Male","White","Under 10 years","2015/16 onwards - Sexual offences"," - "
"2020","2019/20","E23000007","Northumbria","North East","Male","White","Unknown","2015/16 onwards - Sexual offences"," - "
"2021","2019/20","E23000019","Nottinghamshire","East Midlands","Female","White","10 - 17 years","2015/16 onwards - Sexual offences"," - "
"2022","2019/20","E23000019","Nottinghamshire","East Midlands","Female","White","18 - 20 years","2015/16 onwards - Sexual offences"," 2 "
"2023","2019/20","E23000019","Nottinghamshire","East Midlands","Female","White","21 years and over","2015/16 onwards - Sexual offences"," 2 "
"2024","2019/20","E23000019","Nottinghamshire","East Midlands","Female","White","Under 10 years","2015/16 onwards - Sexual offences"," - "
"2025","2019/20","E23000019","Nottinghamshire","East Midlands","Female","White","Unknown","2015/16 onwards - Sexual offences"," - "
"2026","2019/20","E23000019","Nottinghamshire","East Midlands","Male","White","10 - 17 years","2015/16 onwards - Sexual offences"," 18 "
"2027","2019/20","E23000019","Nottinghamshire","East Midlands","Male","White","18 - 20 years","2015/16 onwards - Sexual offences"," 43 "
"2028","2019/20","E23000019","Nottinghamshire","East Midlands","Male","White","21 years and over","2015/16 onwards - Sexual offences"," 303 "
"2029","2019/20","E23000019","Nottinghamshire","East Midlands","Male","White","Under 10 years","2015/16 onwards - Sexual offences"," - "
"2030","2019/20","E23000019","Nottinghamshire","East Midlands","Male","White","Unknown","2015/16 onwards - Sexual offences"," 1 "
"2031","2019/20","W15000003","South Wales","Wales","Female","White","10 - 17 years","2015/16 onwards - Sexual offences"," 2 "
"2032","2019/20","W15000003","South Wales","Wales","Female","White","18 - 20 years","2015/16 onwards - Sexual offences"," 2 "
"2033","2019/20","W15000003","South Wales","Wales","Female","White","21 years and over","2015/16 onwards - Sexual offences"," 11 "
"2034","2019/20","W15000003","South Wales","Wales","Female","White","Under 10 years","2015/16 onwards - Sexual offences"," - "
"2035","2019/20","W15000003","South Wales","Wales","Female","White","Unknown","2015/16 onwards - Sexual offences"," - "
"2036","2019/20","W15000003","South Wales","Wales","Male","White","10 - 17 years","2015/16 onwards - Sexual offences"," 59 "
"2037","2019/20","W15000003","South Wales","Wales","Male","White","18 - 20 years","2015/16 onwards - Sexual offences"," 78 "
"2038","2019/20","W15000003","South Wales","Wales","Male","White","21 years and over","2015/16 onwards - Sexual offences"," 542 "
"2039","2019/20","W15000003","South Wales","Wales","Male","White","Under 10 years","2015/16 onwards - Sexual offences"," - "
"2040","2019/20","W15000003","South Wales","Wales","Male","White","Unknown","2015/16 onwards - Sexual offences"," - "
"2041","2019/20","E23000011","South Yorkshire","Yorkshire and the Humber","Female","White","10 - 17 years","2015/16 onwards - Sexual offences"," - "
"2042","2019/20","E23000011","South Yorkshire","Yorkshire and the Humber","Female","White","18 - 20 years","2015/16 onwards - Sexual offences"," 3 "
"2043","2019/20","E23000011","South Yorkshire","Yorkshire and the Humber","Female","White","21 years and over","2015/16 onwards - Sexual offences"," 13 "
"2044","2019/20","E23000011","South Yorkshire","Yorkshire and the Humber","Female","White","Under 10 years","2015/16 onwards - Sexual offences"," - "
"2045","2019/20","E23000011","South Yorkshire","Yorkshire and the Humber","Female","White","Unknown","2015/16 onwards - Sexual offences"," - "
"2046","2019/20","E23000011","South Yorkshire","Yorkshire and the Humber","Male","White","10 - 17 years","2015/16 onwards - Sexual offences"," 39 "
"2047","2019/20","E23000011","South Yorkshire","Yorkshire and the Humber","Male","White","18 - 20 years","2015/16 onwards - Sexual offences"," 55 "
"2048","2019/20","E23000011","South Yorkshire","Yorkshire and the Humber","Male","White","21 years and over","2015/16 onwards - Sexual offences"," 477 "
"2049","2019/20","E23000011","South Yorkshire","Yorkshire and the Humber","Male","White","Under 10 years","2015/16 onwards - Sexual offences"," - "
"2050","2019/20","E23000011","South Yorkshire","Yorkshire and the Humber","Male","White","Unknown","2015/16 onwards - Sexual offences"," - "
"2051","2019/20","E23000015","Staffordshire","West Midlands","Female","White","10 - 17 years","2015/16 onwards - Sexual offences"," 1 "
"2052","2019/20","E23000015","Staffordshire","West Midlands","Female","White","18 - 20 years","2015/16 onwards - Sexual offences"," - "
"2053","2019/20","E23000015","Staffordshire","West Midlands","Female","White","21 years and over","2015/16 onwards - Sexual offences"," 7 "
"2054","2019/20","E23000015","Staffordshire","West Midlands","Female","White","Under 10 years","2015/16 onwards - Sexual offences"," - "
"2055","2019/20","E23000015","Staffordshire","West Midlands","Female","White","Unknown","2015/16 onwards - Sexual offences"," - "
"2056","2019/20","E23000015","Staffordshire","West Midlands","Male","White","10 - 17 years","2015/16 onwards - Sexual offences"," 36 "
"2057","2019/20","E23000015","Staffordshire","West Midlands","Male","White","18 - 20 years","2015/16 onwards - Sexual offences"," 36 "
"2058","2019/20","E23000015","Staffordshire","West Midlands","Male","White","21 years and over","2015/16 onwards - Sexual offences"," 421 "
"2059","2019/20","E23000015","Staffordshire","West Midlands","Male","White","Under 10 years","2015/16 onwards - Sexual offences"," - "
"2060","2019/20","E23000015","Staffordshire","West Midlands","Male","White","Unknown","2015/16 onwards - Sexual offences"," - "
"2061","2019/20","E23000025","Suffolk","Eastern","Female","White","10 - 17 years","2015/16 onwards - Sexual offences"," - "
"2062","2019/20","E23000025","Suffolk","Eastern","Female","White","18 - 20 years","2015/16 onwards - Sexual offences"," - "
"2063","2019/20","E23000025","Suffolk","Eastern","Female","White","21 years and over","2015/16 onwards - Sexual offences"," 2 "
"2064","2019/20","E23000025","Suffolk","Eastern","Female","White","Under 10 years","2015/16 onwards - Sexual offences"," - "
"2065","2019/20","E23000025","Suffolk","Eastern","Female","White","Unknown","2015/16 onwards - Sexual offences"," - "
"2066","2019/20","E23000025","Suffolk","Eastern","Male","White","10 - 17 years","2015/16 onwards - Sexual offences"," 9 "
"2067","2019/20","E23000025","Suffolk","Eastern","Male","White","18 - 20 years","2015/16 onwards - Sexual offences"," 28 "
"2068","2019/20","E23000025","Suffolk","Eastern","Male","White","21 years and over","2015/16 onwards - Sexual offences"," 199 "
"2069","2019/20","E23000025","Suffolk","Eastern","Male","White","Under 10 years","2015/16 onwards - Sexual offences"," - "
"2070","2019/20","E23000025","Suffolk","Eastern","Male","White","Unknown","2015/16 onwards - Sexual offences"," - "
"2071","2019/20","E23000031","Surrey","South East","Female","White","10 - 17 years","2015/16 onwards - Sexual offences"," - "
"2072","2019/20","E23000031","Surrey","South East","Female","White","18 - 20 years","2015/16 onwards - Sexual offences"," 1 "
"2073","2019/20","E23000031","Surrey","South East","Female","White","21 years and over","2015/16 onwards - Sexual offences"," 10 "
"2074","2019/20","E23000031","Surrey","South East","Female","White","Under 10 years","2015/16 onwards - Sexual offences"," - "
"2075","2019/20","E23000031","Surrey","South East","Female","White","Unknown","2015/16 onwards - Sexual offences"," - "
"2076","2019/20","E23000031","Surrey","South East","Male","White","10 - 17 years","2015/16 onwards - Sexual offences"," 47 "
"2077","2019/20","E23000031","Surrey","South East","Male","White","18 - 20 years","2015/16 onwards - Sexual offences"," 62 "
"2078","2019/20","E23000031","Surrey","South East","Male","White","21 years and over","2015/16 onwards - Sexual offences"," 405 "
"2079","2019/20","E23000031","Surrey","South East","Male","White","Under 10 years","2015/16 onwards - Sexual offences"," - "
"2080","2019/20","E23000031","Surrey","South East","Male","White","Unknown","2015/16 onwards - Sexual offences"," - "
"2081","2019/20","E23000033","Sussex","South East","Female","White","10 - 17 years","2015/16 onwards - Sexual offences"," 1 "
"2082","2019/20","E23000033","Sussex","South East","Female","White","18 - 20 years","2015/16 onwards - Sexual offences"," 2 "
"2083","2019/20","E23000033","Sussex","South East","Female","White","21 years and over","2015/16 onwards - Sexual offences"," 13 "
"2084","2019/20","E23000033","Sussex","South East","Female","White","Under 10 years","2015/16 onwards - Sexual offences"," - "
"2085","2019/20","E23000033","Sussex","South East","Female","White","Unknown","2015/16 onwards - Sexual offences"," - "
"2086","2019/20","E23000033","Sussex","South East","Male","White","10 - 17 years","2015/16 onwards - Sexual offences"," 40 "
"2087","2019/20","E23000033","Sussex","South East","Male","White","18 - 20 years","2015/16 onwards - Sexual offences"," 71 "
"2088","2019/20","E23000033","Sussex","South East","Male","White","21 years and over","2015/16 onwards - Sexual offences"," 527 "
"2089","2019/20","E23000033","Sussex","South East","Male","White","Under 10 years","2015/16 onwards - Sexual offences"," - "
"2090","2019/20","E23000033","Sussex","South East","Male","White","Unknown","2015/16 onwards - Sexual offences"," - "
"2091","2019/20","E23000029","Thames Valley","South East","Female","White","10 - 17 years","2015/16 onwards - Sexual offences"," - "
"2092","2019/20","E23000029","Thames Valley","South East","Female","White","18 - 20 years","2015/16 onwards - Sexual offences"," 1 "
"2093","2019/20","E23000029","Thames Valley","South East","Female","White","21 years and over","2015/16 onwards - Sexual offences"," 16 "
"2094","2019/20","E23000029","Thames Valley","South East","Female","White","Under 10 years","2015/16 onwards - Sexual offences"," - "
"2095","2019/20","E23000029","Thames Valley","South East","Female","White","Unknown","2015/16 onwards - Sexual offences"," - "
"2096","2019/20","E23000029","Thames Valley","South East","Male","White","10 - 17 years","2015/16 onwards - Sexual offences"," 50 "
"2097","2019/20","E23000029","Thames Valley","South East","Male","White","18 - 20 years","2015/16 onwards - Sexual offences"," 102 "
"2098","2019/20","E23000029","Thames Valley","South East","Male","White","21 years and over","2015/16 onwards - Sexual offences"," 729 "
"2099","2019/20","E23000029","Thames Valley","South East","Male","White","Under 10 years","2015/16 onwards - Sexual offences"," - "
"2100","2019/20","E23000029","Thames Valley","South East","Male","White","Unknown","2015/16 onwards - Sexual offences"," - "
"2101","2019/20","E23000017","Warwickshire","West Midlands","Female","White","10 - 17 years","2015/16 onwards - Sexual offences"," - "
"2102","2019/20","E23000017","Warwickshire","West Midlands","Female","White","18 - 20 years","2015/16 onwards - Sexual offences"," - "
"2103","2019/20","E23000017","Warwickshire","West Midlands","Female","White","21 years and over","2015/16 onwards - Sexual offences"," 1 "
"2104","2019/20","E23000017","Warwickshire","West Midlands","Female","White","Under 10 years","2015/16 onwards - Sexual offences"," - "
"2105","2019/20","E23000017","Warwickshire","West Midlands","Female","White","Unknown","2015/16 onwards - Sexual offences"," - "
"2106","2019/20","E23000017","Warwickshire","West Midlands","Male","White","10 - 17 years","2015/16 onwards - Sexual offences"," 8 "
"2107","2019/20","E23000017","Warwickshire","West Midlands","Male","White","18 - 20 years","2015/16 onwards - Sexual offences"," 12 "
"2108","2019/20","E23000017","Warwickshire","West Midlands","Male","White","21 years and over","2015/16 onwards - Sexual offences"," 70 "
"2109","2019/20","E23000017","Warwickshire","West Midlands","Male","White","Under 10 years","2015/16 onwards - Sexual offences"," - "
"2110","2019/20","E23000017","Warwickshire","West Midlands","Male","White","Unknown","2015/16 onwards - Sexual offences"," - "
"2111","2019/20","E23000016","West Mercia","West Midlands","Female","White","10 - 17 years","2015/16 onwards - Sexual offences"," - "
"2112","2019/20","E23000016","West Mercia","West Midlands","Female","White","18 - 20 years","2015/16 onwards - Sexual offences"," - "
"2113","2019/20","E23000016","West Mercia","West Midlands","Female","White","21 years and over","2015/16 onwards - Sexual offences"," 2 "
"2114","2019/20","E23000016","West Mercia","West Midlands","Female","White","Under 10 years","2015/16 onwards - Sexual offences"," - "
"2115","2019/20","E23000016","West Mercia","West Midlands","Female","White","Unknown","2015/16 onwards - Sexual offences"," - "
"2116","2019/20","E23000016","West Mercia","West Midlands","Male","White","10 - 17 years","2015/16 onwards - Sexual offences"," 19 "
"2117","2019/20","E23000016","West Mercia","West Midlands","Male","White","18 - 20 years","2015/16 onwards - Sexual offences"," 26 "
"2118","2019/20","E23000016","West Mercia","West Midlands","Male","White","21 years and over","2015/16 onwards - Sexual offences"," 140 "
"2119","2019/20","E23000016","West Mercia","West Midlands","Male","White","Under 10 years","2015/16 onwards - Sexual offences"," - "
"2120","2019/20","E23000016","West Mercia","West Midlands","Male","White","Unknown","2015/16 onwards - Sexual offences"," - "
"2121","2019/20","E23000014","West Midlands","West Midlands","Female","White","10 - 17 years","2015/16 onwards - Sexual offences"," 2 "
"2122","2019/20","E23000014","West Midlands","West Midlands","Female","White","18 - 20 years","2015/16 onwards - Sexual offences"," - "
"2123","2019/20","E23000014","West Midlands","West Midlands","Female","White","21 years and over","2015/16 onwards - Sexual offences"," 10 "
"2124","2019/20","E23000014","West Midlands","West Midlands","Female","White","Under 10 years","2015/16 onwards - Sexual offences"," - "
"2125","2019/20","E23000014","West Midlands","West Midlands","Female","White","Unknown","2015/16 onwards - Sexual offences"," - "
"2126","2019/20","E23000014","West Midlands","West Midlands","Male","White","10 - 17 years","2015/16 onwards - Sexual offences"," 23 "
"2127","2019/20","E23000014","West Midlands","West Midlands","Male","White","18 - 20 years","2015/16 onwards - Sexual offences"," 26 "
"2128","2019/20","E23000014","West Midlands","West Midlands","Male","White","21 years and over","2015/16 onwards - Sexual offences"," 305 "
"2129","2019/20","E23000014","West Midlands","West Midlands","Male","White","Under 10 years","2015/16 onwards - Sexual offences"," - "
"2130","2019/20","E23000014","West Midlands","West Midlands","Male","White","Unknown","2015/16 onwards - Sexual offences"," - "
"2131","2019/20","E23000010","West Yorkshire","Yorkshire and the Humber","Female","White","10 - 17 years","2015/16 onwards - Sexual offences"," 2 "
"2132","2019/20","E23000010","West Yorkshire","Yorkshire and the Humber","Female","White","18 - 20 years","2015/16 onwards - Sexual offences"," 3 "
"2133","2019/20","E23000010","West Yorkshire","Yorkshire and the Humber","Female","White","21 years and over","2015/16 onwards - Sexual offences"," 26 "
"2134","2019/20","E23000010","West Yorkshire","Yorkshire and the Humber","Female","White","Under 10 years","2015/16 onwards - Sexual offences"," - "
"2135","2019/20","E23000010","West Yorkshire","Yorkshire and the Humber","Female","White","Unknown","2015/16 onwards - Sexual offences"," - "
"2136","2019/20","E23000010","West Yorkshire","Yorkshire and the Humber","Male","White","10 - 17 years","2015/16 onwards - Sexual offences"," 94 "
"2137","2019/20","E23000010","West Yorkshire","Yorkshire and the Humber","Male","White","18 - 20 years","2015/16 onwards - Sexual offences"," 96 "
"2138","2019/20","E23000010","West Yorkshire","Yorkshire and the Humber","Male","White","21 years and over","2015/16 onwards - Sexual offences"," 762 "
"2139","2019/20","E23000010","West Yorkshire","Yorkshire and the Humber","Male","White","Under 10 years","2015/16 onwards - Sexual offences"," - "
"2140","2019/20","E23000010","West Yorkshire","Yorkshire and the Humber","Male","White","Unknown","2015/16 onwards - Sexual offences"," - "
"2141","2019/20","E23000038","Wiltshire","South West","Female","White","10 - 17 years","2015/16 onwards - Sexual offences"," - "
"2142","2019/20","E23000038","Wiltshire","South West","Female","White","18 - 20 years","2015/16 onwards - Sexual offences"," - "
"2143","2019/20","E23000038","Wiltshire","South West","Female","White","21 years and over","2015/16 onwards - Sexual offences"," 2 "
"2144","2019/20","E23000038","Wiltshire","South West","Female","White","Under 10 years","2015/16 onwards - Sexual offences"," - "
"2145","2019/20","E23000038","Wiltshire","South West","Female","White","Unknown","2015/16 onwards - Sexual offences"," - "
"2146","2019/20","E23000038","Wiltshire","South West","Male","White","10 - 17 years","2015/16 onwards - Sexual offences"," 21 "
"2147","2019/20","E23000038","Wiltshire","South West","Male","White","18 - 20 years","2015/16 onwards - Sexual offences"," 20 "
"2148","2019/20","E23000038","Wiltshire","South West","Male","White","21 years and over","2015/16 onwards - Sexual offences"," 238 "
"2149","2019/20","E23000038","Wiltshire","South West","Male","White","Under 10 years","2015/16 onwards - Sexual offences"," - "
"2150","2019/20","E23000038","Wiltshire","South West","Male","White","Unknown","2015/16 onwards - Sexual offences"," - "
